<?xml version="1.0" encoding="UTF-8"?>
<run end="1239286763649" name="APIStats" scope="XOMandJDOM" start="1239286736618">
<query class="query" status="Success">
<input class="project query" path="src/APIStats.ql" project="XOM">
<pattern class="pattern">
<item kind="String" name="API"/>
<item kind="Entity" name="type"/>
<item kind="Integer" name="LOC"/>
<item kind="Integer" name="featureCount"/>
</pattern>
</input>
<results complete="true"/>
<row>
<item class="string" value="nu.xom"/>
<item class="entity" icon="icons/class.png" id="103" label="Element" url="file:///Users/tvdstorm/Code/APIMigration/XOM/src/nu/xom/Element.java:34:1769:7"/>
<item class="int" value="895"/>
<item class="int" value="45"/>
</row>
<row>
<item class="string" value="nu.xom"/>
<item class="entity" icon="icons/class.png" id="124" label="ParentNode" url="file:///Users/tvdstorm/Code/APIMigration/XOM/src/nu/xom/ParentNode.java:25:1363:10"/>
<item class="int" value="148"/>
<item class="int" value="17"/>
</row>
<row>
<item class="string" value="nu.xom"/>
<item class="entity" icon="icons/class.png" id="128" label="Document" url="file:///Users/tvdstorm/Code/APIMigration/XOM/src/nu/xom/Document.java:24:1169:8"/>
<item class="int" value="173"/>
<item class="int" value="21"/>
</row>
<row>
<item class="string" value="nu.xom"/>
<item class="entity" icon="icons/class.png" id="221" label="Node" url="file:///Users/tvdstorm/Code/APIMigration/XOM/src/nu/xom/Node.java:29:1754:4"/>
<item class="int" value="144"/>
<item class="int" value="13"/>
</row>
<row>
<item class="string" value="nu.xom"/>
<item class="entity" icon="icons/class.png" id="392" label="Attribute" url="file:///Users/tvdstorm/Code/APIMigration/XOM/src/nu/xom/Attribute.java:24:1492:9"/>
<item class="int" value="454"/>
<item class="int" value="28"/>
</row>
<row>
<item class="string" value="nu.xom"/>
<item class="entity" icon="icons/class.png" id="764" label="Text" url="file:///Users/tvdstorm/Code/APIMigration/XOM/src/nu/xom/Text.java:26:1286:4"/>
<item class="int" value="252"/>
<item class="int" value="16"/>
</row>
<row>
<item class="string" value="nu.xom"/>
<item class="entity" icon="icons/class.png" id="873" label="ProcessingInstruction" url="file:///Users/tvdstorm/Code/APIMigration/XOM/src/nu/xom/ProcessingInstruction.java:25:1539:21"/>
<item class="int" value="107"/>
<item class="int" value="18"/>
</row>
<row>
<item class="string" value="nu.xom"/>
<item class="entity" icon="icons/class.png" id="986" label="DocType" url="file:///Users/tvdstorm/Code/APIMigration/XOM/src/nu/xom/DocType.java:25:2039:7"/>
<item class="int" value="261"/>
<item class="int" value="23"/>
</row>
<row>
<item class="string" value="nu.xom"/>
<item class="entity" icon="icons/class.png" id="1074" label="Comment" url="file:///Users/tvdstorm/Code/APIMigration/XOM/src/nu/xom/Comment.java:24:1325:7"/>
<item class="int" value="75"/>
<item class="int" value="16"/>
</row>
<row>
<item class="string" value="nu.xom"/>
<item class="entity" icon="icons/class.png" id="46869" label="Elements" url="file:///Users/tvdstorm/Code/APIMigration/XOM/src/nu/xom/Elements.java:27:1387:8"/>
<item class="int" value="16"/>
<item class="int" value="6"/>
</row>
<row>
<item class="string" value="nu.xom"/>
<item class="entity" icon="icons/class.png" id="52279" label="Nodes" url="file:///Users/tvdstorm/Code/APIMigration/XOM/src/nu/xom/Nodes.java:27:1615:5"/>
<item class="int" value="43"/>
<item class="int" value="10"/>
</row>
<row>
<item class="string" value="nu.xom"/>
<item class="entity" icon="icons/class.png" id="73329" label="Builder" url="file:///Users/tvdstorm/Code/APIMigration/XOM/src/nu/xom/Builder.java:47:1967:7"/>
<item class="int" value="785"/>
<item class="int" value="18"/>
</row>
<row>
<item class="string" value="org.jdom"/>
<item class="entity" icon="icons/class.png" id="280681" label="Comment" url="file:///Users/tvdstorm/Code/APIMigration/XOM/src/org/jdom/Comment.java:59:2793:7"/>
<item class="int" value="31"/>
<item class="int" value="11"/>
</row>
<row>
<item class="string" value="org.jdom"/>
<item class="entity" icon="icons/class.png" id="280683" label="Content" url="file:///Users/tvdstorm/Code/APIMigration/XOM/src/org/jdom/Content.java:61:3020:7"/>
<item class="int" value="43"/>
<item class="int" value="11"/>
</row>
<row>
<item class="string" value="org.jdom"/>
<item class="entity" icon="icons/class.png" id="280833" label="ProcessingInstruction" url="file:///Users/tvdstorm/Code/APIMigration/XOM/src/org/jdom/ProcessingInstruction.java:61:3020:21"/>
<item class="int" value="174"/>
<item class="int" value="19"/>
</row>
<row>
<item class="string" value="org.jdom"/>
<item class="entity" icon="icons/class.png" id="282281" label="Document" url="file:///Users/tvdstorm/Code/APIMigration/XOM/src/org/jdom/Document.java:62:2948:8"/>
<item class="int" value="251"/>
<item class="int" value="40"/>
</row>
<row>
<item class="string" value="org.jdom"/>
<item class="entity" icon="icons/class.png" id="282290" label="Namespace" url="file:///Users/tvdstorm/Code/APIMigration/XOM/src/org/jdom/Namespace.java:61:3180:9"/>
<item class="int" value="86"/>
<item class="int" value="11"/>
</row>
<row>
<item class="string" value="org.jdom"/>
<item class="entity" icon="icons/class.png" id="282291" label="Attribute" url="file:///Users/tvdstorm/Code/APIMigration/XOM/src/org/jdom/Attribute.java:61:2939:9"/>
<item class="int" value="216"/>
<item class="int" value="27"/>
</row>
<row>
<item class="string" value="org.jdom"/>
<item class="entity" icon="icons/class.png" id="282324" label="CDATA" url="file:///Users/tvdstorm/Code/APIMigration/XOM/src/org/jdom/CDATA.java:59:3158:5"/>
<item class="int" value="50"/>
<item class="int" value="14"/>
</row>
<row>
<item class="string" value="org.jdom"/>
<item class="entity" icon="icons/class.png" id="282329" label="Text" url="file:///Users/tvdstorm/Code/APIMigration/XOM/src/org/jdom/Text.java:59:2966:4"/>
<item class="int" value="89"/>
<item class="int" value="17"/>
</row>
<row>
<item class="string" value="org.jdom"/>
<item class="entity" icon="icons/class.png" id="282338" label="DocType" url="file:///Users/tvdstorm/Code/APIMigration/XOM/src/org/jdom/DocType.java:59:2827:7"/>
<item class="int" value="70"/>
<item class="int" value="17"/>
</row>
<row>
<item class="string" value="org.jdom"/>
<item class="entity" icon="icons/class.png" id="282357" label="Element" url="file:///Users/tvdstorm/Code/APIMigration/XOM/src/org/jdom/Element.java:64:3212:7"/>
<item class="int" value="487"/>
<item class="int" value="78"/>
</row>
<row>
<item class="string" value="org.jdom"/>
<item class="entity" icon="icons/class.png" id="282412" label="EntityRef" url="file:///Users/tvdstorm/Code/APIMigration/XOM/src/org/jdom/EntityRef.java:59:2836:9"/>
<item class="int" value="65"/>
<item class="int" value="15"/>
</row>
<row>
<item class="string" value="org.jdom"/>
<item class="entity" icon="icons/class.png" id="314602" label="SAXBuilder" url="file:///Users/tvdstorm/Code/APIMigration/XOM/src/org/jdom/input/SAXBuilder.java:69:3676:10"/>
<item class="int" value="397"/>
<item class="int" value="35"/>
</row>
</query>
<analysis class="project analysis" path="src/APIStats.qla" project="XOM"/>
</run>
