<?xml version="1.0" encoding="UTF-8"?>
<run end="1239884097445" name="APIStats" scope="XOMandJDOM" start="1239884061810">
<query class="query" status="Success">
<input class="project query" path="src/APIStats.ql" project="XOM">
<pattern class="pattern">
<item kind="String" name="API"/>
<item kind="Entity" name="type"/>
<item kind="Integer" name="LOC"/>
<item kind="Integer" name="featureCount"/>
<item kind="Integer" name="declaredFeatureCount"/>
</pattern>
</input>
<results complete="true"/>
<row>
<item class="string" value="nu.xom"/>
<item class="entity" icon="icons/class.png" id="32" label="NodeFactory" url="file:///Users/tvdstorm/Code/APIMigration/XOM/src/nu/xom/NodeFactory.java:24:2478:11"/>
<item class="int" value="46"/>
<item class="int" value="15"/>
<item class="int" value="11"/>
</row>
<row>
<item class="string" value="nu.xom"/>
<item class="entity" icon="icons/class.png" id="105" label="Element" url="file:///Users/tvdstorm/Code/APIMigration/XOM/src/nu/xom/Element.java:34:1769:7"/>
<item class="int" value="895"/>
<item class="int" value="48"/>
<item class="int" value="40"/>
</row>
<row>
<item class="string" value="nu.xom"/>
<item class="entity" icon="icons/class.png" id="126" label="ParentNode" url="file:///Users/tvdstorm/Code/APIMigration/XOM/src/nu/xom/ParentNode.java:25:1363:10"/>
<item class="int" value="148"/>
<item class="int" value="17"/>
<item class="int" value="8"/>
</row>
<row>
<item class="string" value="nu.xom"/>
<item class="entity" icon="icons/class.png" id="130" label="Document" url="file:///Users/tvdstorm/Code/APIMigration/XOM/src/nu/xom/Document.java:24:1169:8"/>
<item class="int" value="173"/>
<item class="int" value="23"/>
<item class="int" value="15"/>
</row>
<row>
<item class="string" value="nu.xom"/>
<item class="entity" icon="icons/class.png" id="224" label="Node" url="file:///Users/tvdstorm/Code/APIMigration/XOM/src/nu/xom/Node.java:29:1754:4"/>
<item class="int" value="144"/>
<item class="int" value="13"/>
<item class="int" value="9"/>
</row>
<row>
<item class="string" value="nu.xom"/>
<item class="entity" icon="icons/class.png" id="395" label="Attribute" url="file:///Users/tvdstorm/Code/APIMigration/XOM/src/nu/xom/Attribute.java:24:1492:9"/>
<item class="int" value="454"/>
<item class="int" value="33"/>
<item class="int" value="24"/>
</row>
<row>
<item class="string" value="nu.xom"/>
<item class="entity" icon="icons/class.png" id="769" label="Text" url="file:///Users/tvdstorm/Code/APIMigration/XOM/src/nu/xom/Text.java:26:1286:4"/>
<item class="int" value="252"/>
<item class="int" value="18"/>
<item class="int" value="9"/>
</row>
<row>
<item class="string" value="nu.xom"/>
<item class="entity" icon="icons/class.png" id="878" label="ProcessingInstruction" url="file:///Users/tvdstorm/Code/APIMigration/XOM/src/nu/xom/ProcessingInstruction.java:25:1539:21"/>
<item class="int" value="107"/>
<item class="int" value="20"/>
<item class="int" value="11"/>
</row>
<row>
<item class="string" value="nu.xom"/>
<item class="entity" icon="icons/class.png" id="991" label="DocType" url="file:///Users/tvdstorm/Code/APIMigration/XOM/src/nu/xom/DocType.java:25:2039:7"/>
<item class="int" value="261"/>
<item class="int" value="27"/>
<item class="int" value="18"/>
</row>
<row>
<item class="string" value="nu.xom"/>
<item class="entity" icon="icons/class.png" id="1079" label="Comment" url="file:///Users/tvdstorm/Code/APIMigration/XOM/src/nu/xom/Comment.java:24:1325:7"/>
<item class="int" value="75"/>
<item class="int" value="18"/>
<item class="int" value="9"/>
</row>
<row>
<item class="string" value="nu.xom"/>
<item class="entity" icon="icons/class.png" id="43938" label="Serializer" url="file:///Users/tvdstorm/Code/APIMigration/XOM/src/nu/xom/Serializer.java:32:2077:10"/>
<item class="int" value="438"/>
<item class="int" value="20"/>
<item class="int" value="16"/>
</row>
<row>
<item class="string" value="nu.xom"/>
<item class="entity" icon="icons/class.png" id="46876" label="Elements" url="file:///Users/tvdstorm/Code/APIMigration/XOM/src/nu/xom/Elements.java:27:1387:8"/>
<item class="int" value="16"/>
<item class="int" value="6"/>
<item class="int" value="2"/>
</row>
<row>
<item class="string" value="nu.xom"/>
<item class="entity" icon="icons/class.png" id="52287" label="Nodes" url="file:///Users/tvdstorm/Code/APIMigration/XOM/src/nu/xom/Nodes.java:27:1615:5"/>
<item class="int" value="43"/>
<item class="int" value="12"/>
<item class="int" value="8"/>
</row>
<row>
<item class="string" value="nu.xom"/>
<item class="entity" icon="icons/class.png" id="73338" label="Builder" url="file:///Users/tvdstorm/Code/APIMigration/XOM/src/nu/xom/Builder.java:47:1967:7"/>
<item class="int" value="785"/>
<item class="int" value="25"/>
<item class="int" value="21"/>
</row>
<row>
<item class="string" value="org.jdom"/>
<item class="entity" icon="icons/class.png" id="280692" label="Comment" url="file:///Users/tvdstorm/Code/APIMigration/XOM/src/org/jdom/Comment.java:59:2793:7"/>
<item class="int" value="31"/>
<item class="int" value="12"/>
<item class="int" value="5"/>
</row>
<row>
<item class="string" value="org.jdom"/>
<item class="entity" icon="icons/class.png" id="280694" label="Content" url="file:///Users/tvdstorm/Code/APIMigration/XOM/src/org/jdom/Content.java:61:3020:7"/>
<item class="int" value="43"/>
<item class="int" value="11"/>
<item class="int" value="7"/>
</row>
<row>
<item class="string" value="org.jdom"/>
<item class="entity" icon="icons/class.png" id="280828" label="XMLOutputter" url="file:///Users/tvdstorm/Code/APIMigration/XOM/src/org/jdom/output/XMLOutputter.java:66:5151:12"/>
<item class="int" value="806"/>
<item class="int" value="42"/>
<item class="int" value="38"/>
</row>
<row>
<item class="string" value="org.jdom"/>
<item class="entity" icon="icons/class.png" id="280844" label="ProcessingInstruction" url="file:///Users/tvdstorm/Code/APIMigration/XOM/src/org/jdom/ProcessingInstruction.java:61:3020:21"/>
<item class="int" value="174"/>
<item class="int" value="21"/>
<item class="int" value="14"/>
</row>
<row>
<item class="string" value="org.jdom"/>
<item class="entity" icon="icons/class.png" id="282292" label="Document" url="file:///Users/tvdstorm/Code/APIMigration/XOM/src/org/jdom/Document.java:62:2948:8"/>
<item class="int" value="251"/>
<item class="int" value="45"/>
<item class="int" value="41"/>
</row>
<row>
<item class="string" value="org.jdom"/>
<item class="entity" icon="icons/class.png" id="282301" label="Namespace" url="file:///Users/tvdstorm/Code/APIMigration/XOM/src/org/jdom/Namespace.java:61:3180:9"/>
<item class="int" value="86"/>
<item class="int" value="11"/>
<item class="int" value="7"/>
</row>
<row>
<item class="string" value="org.jdom"/>
<item class="entity" icon="icons/class.png" id="282302" label="Attribute" url="file:///Users/tvdstorm/Code/APIMigration/XOM/src/org/jdom/Attribute.java:61:2939:9"/>
<item class="int" value="216"/>
<item class="int" value="31"/>
<item class="int" value="27"/>
</row>
<row>
<item class="string" value="org.jdom"/>
<item class="entity" icon="icons/class.png" id="282335" label="CDATA" url="file:///Users/tvdstorm/Code/APIMigration/XOM/src/org/jdom/CDATA.java:59:3158:5"/>
<item class="int" value="50"/>
<item class="int" value="16"/>
<item class="int" value="5"/>
</row>
<row>
<item class="string" value="org.jdom"/>
<item class="entity" icon="icons/class.png" id="282340" label="Text" url="file:///Users/tvdstorm/Code/APIMigration/XOM/src/org/jdom/Text.java:59:2966:4"/>
<item class="int" value="89"/>
<item class="int" value="18"/>
<item class="int" value="11"/>
</row>
<row>
<item class="string" value="org.jdom"/>
<item class="entity" icon="icons/class.png" id="282349" label="DocType" url="file:///Users/tvdstorm/Code/APIMigration/XOM/src/org/jdom/DocType.java:59:2827:7"/>
<item class="int" value="70"/>
<item class="int" value="20"/>
<item class="int" value="13"/>
</row>
<row>
<item class="string" value="org.jdom"/>
<item class="entity" icon="icons/class.png" id="282368" label="Element" url="file:///Users/tvdstorm/Code/APIMigration/XOM/src/org/jdom/Element.java:64:3212:7"/>
<item class="int" value="487"/>
<item class="int" value="82"/>
<item class="int" value="75"/>
</row>
<row>
<item class="string" value="org.jdom"/>
<item class="entity" icon="icons/class.png" id="282423" label="EntityRef" url="file:///Users/tvdstorm/Code/APIMigration/XOM/src/org/jdom/EntityRef.java:59:2836:9"/>
<item class="int" value="65"/>
<item class="int" value="18"/>
<item class="int" value="11"/>
</row>
<row>
<item class="string" value="org.jdom"/>
<item class="entity" icon="icons/class.png" id="314613" label="SAXBuilder" url="file:///Users/tvdstorm/Code/APIMigration/XOM/src/org/jdom/input/SAXBuilder.java:69:3676:10"/>
<item class="int" value="397"/>
<item class="int" value="39"/>
<item class="int" value="35"/>
</row>
</query>
<analysis class="project analysis" path="src/APIStats.qla" project="XOM"/>
</run>
